time_s,lat,lon,alt_m
1771501073.8185308,54.7670209,-1.5680048,-0.001
1771501073.9186745,54.7670209,-1.5680048,-0.001
1771501074.0188432,54.7670209,-1.5680048,-0.001
1771501074.119013,54.7670209,-1.5680048,-0.001
1771501074.219165,54.7670209,-1.5680048,-0.001
1771501074.3193479,54.7670209,-1.5680048,-0.001
1771501074.419499,54.7670209,-1.5680048,-0.001
1771501074.519757,54.7670209,-1.5680048,-0.001
1771501074.6199558,54.7670209,-1.5680048,-0.001
1771501074.7201102,54.7670209,-1.5680048,-0.001
1771501074.820291,54.7670209,-1.5680048,-0.001
1771501074.9204476,54.7670209,-1.5680048,-0.001
1771501075.020598,54.7670209,-1.5680048,-0.001
1771501075.1207528,54.7670209,-1.5680048,-0.001
1771501075.2209356,54.7670209,-1.5680048,-0.001
1771501075.321139,54.7670209,-1.5680048,0.0
1771501075.4212983,54.7670209,-1.5680048,0.0
1771501075.5214522,54.7670209,-1.5680048,0.0
1771501075.6216981,54.7670209,-1.5680048,0.0
1771501075.7218652,54.7670209,-1.5680048,0.0
1771501075.82208,54.7670209,-1.5680048,0.0
1771501075.9222755,54.7670209,-1.5680048,0.0
1771501076.0224528,54.7670209,-1.5680048,0.0
1771501076.1226764,54.7670209,-1.5680048,0.0
1771501076.2229314,54.7670209,-1.5680048,0.0
1771501076.3231752,54.7670209,-1.5680048,0.0
1771501076.4235032,54.7670209,-1.5680048,0.0
1771501076.5237367,54.7670209,-1.5680048,0.0
1771501076.6239963,54.7670209,-1.5680048,0.0
1771501076.7242527,54.7670209,-1.5680048,0.0
1771501076.824542,54.7670209,-1.5680048,0.0
1771501076.9247801,54.7670209,-1.5680048,0.0
1771501077.0250444,54.7670209,-1.5680048,0.0
1771501077.1253335,54.7670209,-1.5680048,0.0
1771501077.2255979,54.7670209,-1.5680048,0.0
1771501077.3258681,54.7670209,-1.5680048,0.0
1771501077.4261818,54.7670209,-1.5680048,0.0
1771501077.5264006,54.7670209,-1.5680048,0.0
1771501077.6266313,54.7670209,-1.5680048,0.0
1771501077.7268798,54.7670209,-1.5680048,0.0
1771501077.8271444,54.7670209,-1.5680048,0.0
1771501077.927407,54.7670209,-1.5680048,0.0
1771501078.0276966,54.7670209,-1.5680048,0.0
1771501078.1279407,54.7670209,-1.5680048,0.0
1771501078.2281935,54.7670209,-1.5680048,0.0
1771501078.3284702,54.7670209,-1.5680048,0.0
1771501078.4287627,54.7670209,-1.5680048,0.0
1771501078.5290017,54.7670209,-1.5680048,0.0
1771501078.629265,54.7670209,-1.5680048,0.0
1771501078.729609,54.7670209,-1.5680048,0.0
1771501078.8299632,54.7670209,-1.5680048,0.0
1771501078.930209,54.7670209,-1.5680048,0.0
1771501079.0304666,54.7670209,-1.5680048,0.0
1771501079.1306756,54.7670209,-1.5680048,0.0
1771501079.2308798,54.7670209,-1.5680048,0.0
1771501079.3311946,54.7670209,-1.5680048,0.0
1771501079.4314835,54.7670209,-1.5680048,0.0
1771501079.531858,54.7670209,-1.5680048,0.0
1771501079.632096,54.7670209,-1.5680048,0.0
1771501079.7323499,54.7670209,-1.5680048,0.0
1771501079.8326848,54.7670209,-1.5680048,0.0
1771501079.9329333,54.7670209,-1.5680048,0.0
1771501080.033171,54.7670209,-1.5680048,0.0
1771501080.1334205,54.7670209,-1.5680048,0.0
1771501080.233682,54.7670209,-1.5680048,0.0
1771501080.333979,54.7670209,-1.5680048,0.0
1771501080.4342313,54.7670209,-1.5680048,0.0
1771501080.534431,54.7670209,-1.5680048,0.0
1771501080.6346877,54.7670209,-1.5680048,0.0
1771501080.7349303,54.7670209,-1.5680048,0.0
1771501080.8353837,54.7670209,-1.5680048,0.0
1771501080.9356298,54.7670209,-1.5680048,0.0
1771501081.0358646,54.7670209,-1.5680048,0.0
1771501081.1370435,54.7670209,-1.5680048,0.0
1771501081.2372925,54.7670209,-1.5680048,0.0
1771501081.3376186,54.7670209,-1.5680048,0.0
1771501081.4379568,54.7670209,-1.5680048,0.0
1771501081.5381796,54.7670209,-1.5680048,0.0
1771501081.6385038,54.7670209,-1.5680048,0.0
1771501081.7387474,54.7670209,-1.5680048,0.0
1771501081.838984,54.7670209,-1.5680048,0.0
1771501081.9392536,54.7670209,-1.5680048,0.0
1771501082.0395148,54.7670209,-1.5680048,0.0
1771501082.1401396,54.7670209,-1.5680048,0.0
1771501082.2403953,54.7670209,-1.5680048,0.0
1771501082.3406208,54.7670209,-1.5680048,0.0
1771501082.440864,54.7670209,-1.5680048,0.0
1771501082.5410876,54.7670209,-1.5680048,0.0
1771501082.6413372,54.7670209,-1.5680048,0.0
1771501082.7415962,54.7670209,-1.5680048,0.0
1771501082.8418467,54.7670209,-1.5680048,0.0
1771501082.942162,54.7670209,-1.5680048,0.0
1771501083.04243,54.7670209,-1.5680048,0.0
1771501083.14265,54.7670209,-1.5680048,0.0
1771501083.2428613,54.7670209,-1.5680048,0.0
1771501083.3431547,54.7670209,-1.5680048,0.0
1771501083.4433918,54.7670209,-1.5680048,0.0
1771501083.543657,54.7670209,-1.5680048,0.0
1771501083.6439133,54.7670209,-1.5680048,0.0
1771501083.7443607,54.7670209,-1.5680048,0.0
1771501083.8446915,54.7670209,-1.5680048,0.0
1771501083.944935,54.7670209,-1.5680048,0.0
1771501084.0452795,54.7670209,-1.5680048,0.0
1771501084.14808,54.7670209,-1.5680048,0.0
1771501084.2483177,54.7670209,-1.5680048,-0.001
1771501084.348536,54.7670209,-1.5680048,-0.001
1771501084.4487958,54.7670209,-1.5680048,-0.001
1771501084.5490296,54.7670209,-1.5680048,-0.001
1771501084.6492872,54.7670209,-1.5680048,-0.001
1771501084.7495327,54.7670209,-1.5680048,-0.001
1771501084.849809,54.7670209,-1.5680048,-0.001
1771501084.9501405,54.7670209,-1.5680048,-0.001
1771501085.0504239,54.7670209,-1.5680048,-0.001
1771501085.1506622,54.7670209,-1.5680048,-0.001
1771501085.2509387,54.7670209,-1.5680048,-0.001
1771501085.351174,54.7670209,-1.5680048,-0.001
1771501085.4514167,54.7670209,-1.5680048,-0.001
1771501085.55168,54.7670209,-1.5680048,-0.001
1771501085.6519377,54.7670209,-1.5680048,-0.001
1771501085.7521842,54.7670209,-1.5680048,-0.001
1771501085.8524277,54.7670209,-1.5680048,-0.001
1771501085.952644,54.7670209,-1.5680048,-0.001
1771501086.0528836,54.7670209,-1.5680048,-0.001
1771501086.1531308,54.7670209,-1.5680048,-0.001
1771501086.2534378,54.7670209,-1.5680048,-0.001
1771501086.3537545,54.7670209,-1.5680048,-0.001
1771501086.4540734,54.7670209,-1.5680048,-0.001
1771501086.5543299,54.7670209,-1.5680048,-0.001
1771501086.6546595,54.7670209,-1.5680048,-0.001
1771501086.7549598,54.7670209,-1.5680048,-0.001
1771501086.855252,54.7670209,-1.5680048,-0.001
1771501086.955485,54.7670209,-1.5680048,-0.001
1771501087.0558403,54.7670209,-1.5680048,0.008
1771501087.156079,54.7670209,-1.5680048,0.008
1771501087.2563212,54.7670209,-1.5680048,0.008
1771501087.3565853,54.7670209,-1.5680048,0.008
1771501087.456904,54.7670209,-1.5680048,0.008
1771501087.5571501,54.7670209,-1.5680048,0.008
1771501087.657387,54.7670209,-1.5680048,0.008
1771501087.7576058,54.7670209,-1.5680048,0.008
1771501087.857831,54.7670209,-1.5680048,0.008
1771501087.9580603,54.7670209,-1.5680048,0.008
1771501088.058347,54.7670209,-1.5680048,0.008
1771501088.158567,54.7670209,-1.5680048,0.008
1771501088.258808,54.7670209,-1.5680048,0.008
1771501088.3590314,54.7670209,-1.5680048,0.008
1771501088.459238,54.7670209,-1.5680048,0.008
1771501088.5594635,54.7670209,-1.5680048,0.008
1771501088.6597805,54.7670209,-1.5680048,0.008
1771501088.7599928,54.7670209,-1.5680048,0.008
1771501088.860442,54.7670209,-1.5680048,0.008
1771501088.960693,54.7670209,-1.5680048,0.008
1771501089.0609374,54.7670209,-1.5680048,0.008
1771501089.161153,54.7670209,-1.5680048,0.008
1771501089.2614338,54.7670209,-1.5680048,0.008
1771501089.3616593,54.7670209,-1.5680048,0.008
1771501089.4619083,54.7670209,-1.5680048,0.008
1771501089.5622325,54.7670209,-1.5680048,0.008
1771501089.6624892,54.7670209,-1.5680048,0.008
1771501089.7627394,54.7670209,-1.5680048,0.008
1771501089.86298,54.7670209,-1.5680048,0.008
1771501089.9633224,54.7670209,-1.5680048,0.008
1771501090.0635636,54.7670209,-1.5680048,0.026
1771501090.1638029,54.7670209,-1.5680048,0.026
1771501090.2641428,54.7670209,-1.5680048,0.085
1771501090.364391,54.7670209,-1.5680048,0.085
1771501090.464662,54.7670209,-1.5680048,0.085
1771501090.564911,54.7670209,-1.5680048,0.219
1771501090.6651585,54.7670209,-1.5680048,0.219
1771501090.765375,54.7670209,-1.5680048,0.466
1771501090.8655927,54.7670209,-1.5680048,0.466
1771501090.965827,54.7670209,-1.5680048,0.466
1771501091.066155,54.767021,-1.5680049,0.725
1771501091.1664834,54.767021,-1.5680049,0.725
1771501091.2667336,54.767021,-1.5680049,1.002
1771501091.3670213,54.767021,-1.5680049,1.002
1771501091.4672801,54.767021,-1.5680049,1.002
1771501091.5675375,54.767021,-1.5680049,1.265
1771501091.6678154,54.767021,-1.5680049,1.265
1771501091.7680721,54.767021,-1.5680049,1.496
1771501091.8682997,54.767021,-1.5680049,1.496
1771501091.9685588,54.767021,-1.5680049,1.496
1771501092.0688665,54.767021,-1.568005,1.687
1771501092.16913,54.767021,-1.568005,1.687
1771501092.2693844,54.767021,-1.568005,1.838
1771501092.3695836,54.767021,-1.568005,1.838
1771501092.4698157,54.767021,-1.568005,1.838
1771501092.5700638,54.767021,-1.568005,1.945
1771501092.6703207,54.767021,-1.568005,1.945
1771501092.7705584,54.7670213,-1.568005,1.995
1771501092.8707569,54.7670213,-1.568005,1.995
1771501092.9710019,54.7670213,-1.568005,1.995
1771501093.0712645,54.7670224,-1.568005,2.0
1771501093.1714504,54.7670224,-1.568005,2.0
1771501093.271603,54.7670249,-1.5680051,1.988
1771501093.3718219,54.7670249,-1.5680051,1.988
1771501093.4719849,54.7670249,-1.5680051,1.988
1771501093.572161,54.7670283,-1.5680051,1.974
1771501093.6723258,54.7670283,-1.5680051,1.974
1771501093.7725024,54.7670321,-1.5680051,1.96
1771501093.8726335,54.7670321,-1.5680051,1.96
1771501093.9727783,54.7670321,-1.5680051,1.96
1771501094.0729544,54.7670362,-1.5680052,1.949
1771501094.1731274,54.7670362,-1.5680052,1.949
1771501094.273264,54.7670405,-1.5680053,1.94
1771501094.3735,54.7670405,-1.5680053,1.94
1771501094.4736564,54.7670405,-1.5680053,1.94
1771501094.5738764,54.7670448,-1.5680053,1.932
1771501094.674053,54.7670448,-1.5680053,1.932
1771501094.7742355,54.7670492,-1.5680053,1.925
1771501094.8744,54.7670492,-1.5680053,1.925
1771501094.9745505,54.7670492,-1.5680053,1.925
1771501095.074725,54.7670536,-1.5680053,1.918
1771501095.174912,54.7670536,-1.5680053,1.918
1771501095.2750645,54.7670581,-1.5680054,1.912
1771501095.375254,54.7670581,-1.5680054,1.912
1771501095.4754415,54.7670581,-1.5680054,1.912
1771501095.575622,54.7670626,-1.5680054,1.906
1771501095.675799,54.7670626,-1.5680054,1.906
1771501095.7759697,54.7670671,-1.5680054,1.899
1771501095.8761492,54.7670671,-1.5680054,1.899
1771501095.9764245,54.7670671,-1.5680054,1.899
1771501096.0766895,54.7670717,-1.5680054,1.892
1771501096.1768684,54.7670717,-1.5680054,1.892
1771501096.2770236,54.7670763,-1.5680054,1.885
1771501096.3772697,54.7670763,-1.5680054,1.885
1771501096.4774332,54.7670763,-1.5680054,1.885
1771501096.577597,54.7670808,-1.5680054,1.878
1771501096.6777706,54.7670808,-1.5680054,1.878
1771501096.7779548,54.7670854,-1.5680054,1.87
1771501096.8781915,54.7670854,-1.5680054,1.87
1771501096.9784453,54.7670854,-1.5680054,1.87
1771501097.0786064,54.7670899,-1.5680054,1.863
1771501097.1787784,54.7670899,-1.5680054,1.863
1771501097.278994,54.7670945,-1.5680054,1.855
1771501097.3792102,54.7670945,-1.5680054,1.855
1771501097.4794333,54.7670945,-1.5680054,1.855
1771501097.5796475,54.7670989,-1.5680053,1.847
1771501097.679884,54.7670989,-1.5680053,1.847
1771501097.7800944,54.7671027,-1.5680053,1.839
1771501097.8802955,54.7671027,-1.5680053,1.839
1771501097.9805408,54.7671027,-1.5680053,1.839
1771501098.0807717,54.7671059,-1.5680053,1.832
1771501098.1810148,54.7671059,-1.5680053,1.832
1771501098.2812605,54.7671084,-1.5680053,1.828
1771501098.3815396,54.7671084,-1.5680053,1.828
1771501098.4817736,54.7671084,-1.5680053,1.828
1771501098.582024,54.7671102,-1.5680053,1.827
1771501098.6822705,54.7671102,-1.5680053,1.827
1771501098.7825098,54.7671114,-1.5680053,1.824
1771501098.8827116,54.7671114,-1.5680053,1.824
1771501098.9829247,54.7671117,-1.5680052,1.823
1771501099.0831413,54.7671117,-1.5680052,1.823
1771501099.1833975,54.7671117,-1.5680052,1.823
1771501099.2836227,54.7671115,-1.5680052,1.822
1771501099.3838334,54.7671115,-1.5680052,1.822
1771501099.4840276,54.7671115,-1.5680052,1.822
1771501099.5842767,54.7671109,-1.5680052,1.822
1771501099.6845179,54.7671109,-1.5680052,1.822
1771501099.7847204,54.7671103,-1.5680052,1.822
1771501099.8849292,54.7671103,-1.5680052,1.822
1771501099.9852815,54.7671097,-1.5680052,1.822
1771501100.0855017,54.7671097,-1.5680052,1.822
1771501100.185756,54.7671097,-1.5680052,1.822
1771501100.2860272,54.7671092,-1.5680052,1.821
1771501100.386254,54.7671092,-1.5680052,1.821
1771501100.4866922,54.7671088,-1.5680052,1.819
1771501100.5869894,54.7671088,-1.5680052,1.819
1771501100.6872666,54.7671088,-1.5680052,1.819
1771501100.787612,54.7671087,-1.5680053,1.783
1771501100.8878627,54.7671087,-1.5680053,1.783
1771501100.9880695,54.7671088,-1.5680053,1.692
1771501101.0882924,54.7671088,-1.5680053,1.692
1771501101.1885152,54.7671088,-1.5680053,1.692
1771501101.2887275,54.7671089,-1.5680054,1.573
1771501101.3890789,54.7671089,-1.5680054,1.573
1771501101.4893212,54.7671091,-1.5680054,1.444
1771501101.589553,54.7671091,-1.5680054,1.444
1771501101.6897728,54.7671091,-1.5680054,1.444
1771501101.790013,54.7671093,-1.5680054,1.313
1771501101.890241,54.7671093,-1.5680054,1.313
1771501101.9906676,54.7671096,-1.5680055,1.184
1771501102.0910883,54.7671096,-1.5680055,1.184
1771501102.1912982,54.7671096,-1.5680055,1.184
1771501102.2915404,54.7671098,-1.5680056,1.057
1771501102.3917603,54.7671098,-1.5680056,1.057
1771501102.4919837,54.76711,-1.5680056,0.931
1771501102.592204,54.76711,-1.5680056,0.931
1771501102.6924431,54.76711,-1.5680056,0.931
1771501102.7926757,54.7671102,-1.5680056,0.806
1771501102.8929102,54.7671102,-1.5680056,0.806
1771501102.9932952,54.7671103,-1.5680056,0.681
1771501103.0935268,54.7671103,-1.5680056,0.681
1771501103.1937687,54.7671103,-1.5680056,0.681
1771501103.2939975,54.7671105,-1.5680057,0.557
1771501103.3942332,54.7671105,-1.5680057,0.557
1771501103.4944258,54.7671105,-1.5680057,0.433
1771501103.5946517,54.7671105,-1.5680057,0.433
1771501103.6948795,54.7671105,-1.5680057,0.433
1771501103.79513,54.7671106,-1.5680057,0.308
1771501103.8954046,54.7671106,-1.5680057,0.308
1771501103.995633,54.7671106,-1.5680057,0.183
1771501104.0958881,54.7671106,-1.5680057,0.183
1771501104.196125,54.7671106,-1.5680057,0.183
1771501104.2963605,54.7671107,-1.5680057,0.059
1771501104.396577,54.7671107,-1.5680057,0.059
1771501104.4968038,54.7671107,-1.5680057,-0.065
1771501104.597236,54.7671107,-1.5680057,-0.065
1771501104.697436,54.7671107,-1.5680057,-0.065
1771501104.7976782,54.7671107,-1.5680057,-0.19
1771501104.8979404,54.7671107,-1.5680057,-0.19
1771501104.9981709,54.7671107,-1.5680057,-0.315
1771501105.098488,54.7671107,-1.5680057,-0.315
1771501105.1987119,54.7671107,-1.5680057,-0.315
1771501105.2990375,54.7671108,-1.5680057,-0.411
1771501105.399286,54.7671108,-1.5680057,-0.411
1771501105.4995182,54.7671108,-1.5680057,-0.379
1771501105.5997438,54.7671108,-1.5680057,-0.379
1771501105.6999862,54.7671108,-1.5680057,-0.379
1771501105.8002367,54.7671108,-1.5680057,-0.38
1771501105.9004414,54.7671108,-1.5680057,-0.38
1771501106.0006247,54.7671108,-1.5680057,-0.383
1771501106.100894,54.7671108,-1.5680057,-0.383
1771501106.2011726,54.7671108,-1.5680057,-0.383
1771501106.3014376,54.7671108,-1.5680057,-0.382
1771501106.4016795,54.7671108,-1.5680057,-0.382
1771501106.5018585,54.7671108,-1.5680057,-0.382
1771501106.602085,54.7671108,-1.5680057,-0.382
1771501106.7023175,54.7671108,-1.5680057,-0.382
1771501106.8025312,54.7671108,-1.5680057,-0.381
1771501106.9027925,54.7671108,-1.5680057,-0.381
1771501107.0029657,54.7671108,-1.5680057,-0.381
1771501107.1032257,54.7671108,-1.5680057,-0.381
1771501107.2034347,54.7671108,-1.5680057,-0.381
1771501107.303697,54.7671108,-1.5680057,-0.381
1771501107.4038663,54.7671108,-1.5680057,-0.381
1771501107.5040736,54.7671108,-1.5680057,-0.38
1771501107.6042962,54.7671108,-1.5680057,-0.38
1771501107.7044687,54.7671108,-1.5680057,-0.38
1771501107.8046958,54.7671108,-1.5680057,-0.379
1771501107.9048975,54.7671108,-1.5680057,-0.379
1771501108.0051036,54.7671108,-1.5680057,-0.378
1771501108.1053019,54.7671108,-1.5680057,-0.378
1771501108.2056289,54.7671108,-1.5680057,-0.378
1771501108.3058445,54.7671108,-1.5680057,-0.377
1771501108.4060268,54.7671108,-1.5680057,-0.377
1771501108.5061736,54.7671108,-1.5680057,-0.377
1771501108.6064205,54.7671108,-1.5680057,-0.377
1771501108.7065957,54.7671108,-1.5680057,-0.377
1771501108.8067932,54.7671108,-1.5680058,-0.376
1771501108.9069836,54.7671108,-1.5680058,-0.376
1771501109.007183,54.7671108,-1.5680058,-0.376
1771501109.1073668,54.7671108,-1.5680058,-0.376
1771501109.2075777,54.7671108,-1.5680058,-0.376
1771501109.3077712,54.7671108,-1.5680058,-0.375
1771501109.4079638,54.7671108,-1.5680058,-0.375
1771501109.508188,54.7671108,-1.5680058,-0.375
1771501109.6084445,54.7671108,-1.5680058,-0.375
1771501109.7086236,54.7671108,-1.5680058,-0.375
1771501109.8089423,54.7671108,-1.5680058,-0.375
1771501109.9091291,54.7671108,-1.5680058,-0.375
1771501110.009403,54.7671108,-1.5680058,-0.375
1771501110.1096833,54.7671108,-1.5680058,-0.375
1771501110.209949,54.7671108,-1.5680058,-0.375
1771501110.310212,54.7671108,-1.5680058,-0.374
1771501110.4105504,54.7671108,-1.5680058,-0.374
1771501110.5107958,54.7671108,-1.5680058,-0.374
1771501110.6112988,54.7671108,-1.5680058,-0.374
1771501110.711579,54.7671108,-1.5680058,-0.374
1771501110.8118658,54.7671108,-1.5680058,-0.374
1771501110.912196,54.7671108,-1.5680058,-0.374
1771501111.0124812,54.7671108,-1.5680058,-0.374
1771501111.1128466,54.7671108,-1.5680058,-0.374
1771501111.2130885,54.7671108,-1.5680058,-0.374
1771501111.3134573,54.7671108,-1.5680059,-0.374
1771501111.4136853,54.7671108,-1.5680059,-0.374
1771501111.5139298,54.7671108,-1.5680059,-0.374
1771501111.614179,54.7671108,-1.5680059,-0.374
1771501111.7144248,54.7671108,-1.5680059,-0.374
1771501111.814735,54.7671108,-1.5680059,-0.374
1771501111.9150832,54.7671108,-1.5680059,-0.374
1771501112.0153596,54.7671108,-1.5680059,-0.374
1771501112.1155882,54.7671108,-1.5680059,-0.374
1771501112.215845,54.7671108,-1.5680059,-0.374
1771501112.3161256,54.7671108,-1.5680058,-0.373
1771501112.4163797,54.7671108,-1.5680058,-0.373
1771501112.5166233,54.7671108,-1.5680058,-0.373
1771501112.6168554,54.7671108,-1.5680058,-0.373
1771501112.7170858,54.7671108,-1.5680058,-0.373
1771501112.81737,54.7671108,-1.5680058,-0.373
1771501112.9175994,54.7671108,-1.5680058,-0.373
1771501113.0178308,54.7671108,-1.5680058,-0.373
1771501113.1180725,54.7671108,-1.5680058,-0.373
1771501113.2183855,54.7671108,-1.5680058,-0.373
1771501113.3187168,54.7671108,-1.5680058,-0.373
1771501113.41897,54.7671108,-1.5680058,-0.373
1771501113.5192146,54.7671108,-1.5680058,-0.373
1771501113.6194737,54.7671108,-1.5680058,-0.373
1771501113.7197373,54.7671108,-1.5680058,-0.373
1771501113.820064,54.7671108,-1.5680058,-0.373
1771501113.920323,54.7671108,-1.5680058,-0.373
1771501114.020578,54.7671108,-1.5680058,-0.373
1771501114.120829,54.7671108,-1.5680058,-0.373
1771501114.2210803,54.7671108,-1.5680058,-0.373
1771501114.321295,54.7671108,-1.5680058,-0.373
1771501114.4215767,54.7671108,-1.5680058,-0.373
1771501114.5218253,54.7671108,-1.5680058,-0.373
1771501114.622069,54.7671108,-1.5680058,-0.373
1771501114.722384,54.7671108,-1.5680058,-0.373
1771501114.8226216,54.7671108,-1.5680058,-0.373
1771501114.9229248,54.7671108,-1.5680058,-0.373
1771501115.0231957,54.7671108,-1.5680058,-0.373
1771501115.1234546,54.7671108,-1.5680058,-0.373
1771501115.223716,54.7671108,-1.5680058,-0.373
1771501115.3239875,54.7671108,-1.5680058,-0.373
1771501115.424241,54.7671108,-1.5680058,-0.373
1771501115.5244813,54.7671108,-1.5680058,-0.373
1771501115.6247315,54.7671108,-1.5680058,-0.373
1771501115.7249844,54.7671108,-1.5680058,-0.373
1771501115.8252554,54.7671108,-1.5680058,-0.373
1771501115.9255073,54.7671108,-1.5680058,-0.373
1771501116.02584,54.7671108,-1.5680058,-0.373
1771501116.1261036,54.7671108,-1.5680058,-0.373
1771501116.2264192,54.7671108,-1.5680058,-0.373
1771501116.3266737,54.7671108,-1.5680058,-0.373
1771501116.4269047,54.7671108,-1.5680058,-0.373
1771501116.5271592,54.7671108,-1.5680058,-0.373
1771501116.6274443,54.7671108,-1.5680058,-0.373
1771501116.7277164,54.7671108,-1.5680058,-0.373
1771501116.8281932,54.7671108,-1.5680058,-0.373
1771501116.9286108,54.7671108,-1.5680058,-0.373
1771501117.0289192,54.7671108,-1.5680058,-0.373
1771501117.1316822,54.7671108,-1.5680058,-0.373
1771501117.231976,54.7671108,-1.5680058,-0.373
1771501117.3322384,54.7671108,-1.5680058,-0.373
1771501117.4325116,54.7671108,-1.5680058,-0.373
1771501117.532734,54.7671108,-1.5680058,-0.373
1771501117.6329868,54.7671108,-1.5680058,-0.373
1771501117.7332408,54.7671108,-1.5680058,-0.373
1771501117.8336499,54.7671108,-1.5680058,-0.373
1771501117.9338896,54.7671108,-1.5680058,-0.373
1771501118.034116,54.7671108,-1.5680058,-0.373
1771501118.134358,54.7671108,-1.5680058,-0.373
1771501118.2346482,54.7671108,-1.5680058,-0.373
1771501118.3348956,54.7671108,-1.5680058,-0.374
1771501118.4351468,54.7671108,-1.5680058,-0.374
1771501118.5353928,54.7671108,-1.5680058,-0.374
1771501118.635564,54.7671108,-1.5680058,-0.374
1771501118.7357018,54.7671108,-1.5680058,-0.374
1771501118.8359127,54.7671108,-1.5680058,-0.374
1771501118.9360907,54.7671108,-1.5680058,-0.374
1771501119.036258,54.7671108,-1.5680058,-0.374
1771501119.1364162,54.7671108,-1.5680058,-0.374
1771501119.2365563,54.7671108,-1.5680058,-0.374
1771501119.336726,54.7671108,-1.5680058,-0.374
1771501119.436915,54.7671108,-1.5680058,-0.374
1771501119.5370598,54.7671108,-1.5680058,-0.374
1771501119.6371977,54.7671108,-1.5680058,-0.374
1771501119.7373626,54.7671108,-1.5680058,-0.374
1771501119.837559,54.7671108,-1.5680058,-0.374
1771501119.9376972,54.7671108,-1.5680058,-0.374
1771501120.037874,54.7671108,-1.5680058,-0.374
1771501120.1380157,54.7671108,-1.5680058,-0.374
1771501120.2381754,54.7671108,-1.5680058,-0.374
1771501120.3384292,54.7671108,-1.5680058,-0.374
1771501120.4385762,54.7671108,-1.5680058,-0.374
1771501120.538778,54.7671108,-1.5680058,-0.374
1771501120.6389267,54.7671108,-1.5680058,-0.374
1771501120.7390552,54.7671108,-1.5680058,-0.374
1771501120.839228,54.7671108,-1.5680058,-0.374
1771501120.9394412,54.7671108,-1.5680058,-0.374
1771501121.03962,54.7671108,-1.5680058,-0.374
1771501121.139769,54.7671108,-1.5680058,-0.374
1771501121.23991,54.7671108,-1.5680058,-0.374
1771501121.3400326,54.7671108,-1.5680058,-0.374
1771501121.4402008,54.7671108,-1.5680058,-0.374
1771501121.5403533,54.7671108,-1.5680058,-0.374
1771501121.6405156,54.7671108,-1.5680058,-0.374
1771501121.7406576,54.7671108,-1.5680058,-0.374
1771501121.8409,54.7671108,-1.5680058,-0.374
1771501121.9410548,54.7671108,-1.5680058,-0.374
1771501122.0412142,54.7671108,-1.5680058,-0.374
1771501122.141414,54.7671108,-1.5680058,-0.374
1771501122.2415552,54.7671108,-1.5680058,-0.374
1771501122.3417099,54.7671108,-1.5680058,-0.374
1771501122.441874,54.7671108,-1.5680058,-0.374
1771501122.542051,54.7671108,-1.5680058,-0.374
1771501122.642215,54.7671108,-1.5680058,-0.374
1771501122.7423968,54.7671108,-1.5680058,-0.374
1771501122.842643,54.7671108,-1.5680058,-0.374
1771501122.942907,54.7671108,-1.5680058,-0.374
1771501123.0431688,54.7671108,-1.5680058,-0.374
1771501123.1464446,54.7671108,-1.5680058,-0.374
1771501123.2467062,54.7671108,-1.5680058,-0.374
1771501123.3471365,54.7671108,-1.5680058,-0.374
1771501123.4474592,54.7671108,-1.5680058,-0.374
1771501123.5477765,54.7671108,-1.5680058,-0.374
1771501123.64801,54.7671108,-1.5680058,-0.374
1771501123.7482543,54.7671108,-1.5680058,-0.374
1771501123.8485594,54.7671108,-1.5680058,-0.374
1771501123.9487886,54.7671108,-1.5680058,-0.374
1771501124.0490184,54.7671108,-1.5680058,-0.374
1771501124.1492562,54.7671108,-1.5680058,-0.374
1771501124.2494755,54.7671108,-1.5680058,-0.374
1771501124.349803,54.7671108,-1.5680058,-0.374
1771501124.4500518,54.7671108,-1.5680058,-0.374
1771501124.5502954,54.7671108,-1.5680058,-0.374
1771501124.6505249,54.7671108,-1.5680058,-0.374
1771501124.7507608,54.7671108,-1.5680058,-0.374
1771501124.8509839,54.7671108,-1.5680058,-0.374
1771501124.9513044,54.7671108,-1.5680058,-0.374
1771501125.0515578,54.7671108,-1.5680058,-0.374
1771501125.1543255,54.7671108,-1.5680058,-0.374
1771501125.2545505,54.7671108,-1.5680058,-0.374
1771501125.3547802,54.7671108,-1.5680058,-0.374
1771501125.455006,54.7671108,-1.5680058,-0.374
1771501125.5553355,54.7671108,-1.5680058,-0.374
1771501125.6555607,54.7671108,-1.5680058,-0.374
1771501125.755796,54.7671108,-1.5680058,-0.374
1771501125.8560195,54.7671108,-1.5680058,-0.374
1771501125.9563015,54.7671108,-1.5680058,-0.374
1771501126.056685,54.7671108,-1.5680058,-0.374
1771501126.1569695,54.7671108,-1.5680058,-0.374
1771501126.2572072,54.7671108,-1.5680058,-0.374
1771501126.357437,54.7671108,-1.5680058,-0.374
1771501126.4576569,54.7671108,-1.5680058,-0.374
1771501126.55791,54.7671108,-1.5680058,-0.374
1771501126.6581347,54.7671108,-1.5680058,-0.374
1771501126.7584136,54.7671108,-1.5680058,-0.374
1771501126.858643,54.7671108,-1.5680058,-0.374
1771501126.958981,54.7671108,-1.5680058,-0.374
1771501127.0592444,54.7671108,-1.5680058,-0.374
1771501127.1595767,54.7671108,-1.5680058,-0.374
1771501127.2597816,54.7671108,-1.5680058,-0.374
1771501127.3599956,54.7671108,-1.5680058,-0.374
1771501127.460227,54.7671108,-1.5680058,-0.374
1771501127.5604208,54.7671108,-1.5680058,-0.374
1771501127.660637,54.7671108,-1.5680058,-0.374
1771501127.7609754,54.7671108,-1.5680058,-0.374
1771501127.861232,54.7671108,-1.5680058,-0.374
1771501127.9614456,54.7671108,-1.5680058,-0.374
1771501128.0616884,54.7671108,-1.5680058,-0.374
1771501128.1619725,54.7671108,-1.5680058,-0.374
1771501128.2622242,54.7671108,-1.5680058,-0.374
1771501128.3624783,54.7671108,-1.5680058,-0.374
1771501128.462707,54.7671108,-1.5680058,-0.374
1771501128.562944,54.7671108,-1.5680058,-0.374
1771501128.6632295,54.7671108,-1.5680058,-0.374
1771501128.763445,54.7671108,-1.5680058,-0.374
1771501128.8637116,54.7671108,-1.5680058,-0.374
1771501128.9639828,54.7671108,-1.5680058,-0.374
1771501129.064345,54.7671108,-1.5680058,-0.374
1771501129.1646056,54.7671108,-1.5680058,-0.374
1771501129.2649014,54.7671108,-1.5680058,-0.374
1771501129.3652465,54.7671108,-1.5680058,-0.374
1771501129.4655566,54.7671108,-1.5680058,-0.374
1771501129.565779,54.7671108,-1.5680058,-0.374
1771501129.6660454,54.7671108,-1.5680058,-0.374
1771501129.7663333,54.7671108,-1.5680058,-0.374
1771501129.8665566,54.7671108,-1.5680058,-0.374
1771501129.966778,54.7671108,-1.5680058,-0.374
1771501130.06753,54.7671108,-1.5680058,-0.374
1771501130.1677957,54.7671108,-1.5680058,-0.374
1771501130.2680318,54.7671108,-1.5680058,-0.374
1771501130.3683019,54.7671108,-1.5680058,-0.374
1771501130.4686656,54.7671108,-1.5680058,-0.374
1771501130.5689378,54.7671108,-1.5680058,-0.374
1771501130.6691685,54.7671108,-1.5680058,-0.374
1771501130.7694857,54.7671108,-1.5680058,-0.374
1771501130.8697252,54.7671108,-1.5680058,-0.374
1771501130.969952,54.7671108,-1.5680058,-0.374
1771501131.070324,54.7671108,-1.5680058,-0.374
1771501131.1705577,54.7671108,-1.5680058,-0.374
1771501131.2708137,54.7671108,-1.5680058,-0.374
1771501131.3710172,54.7671108,-1.5680058,-0.374
1771501131.4712648,54.7671108,-1.5680058,-0.374
1771501131.5714974,54.7671108,-1.5680058,-0.374
1771501131.6716661,54.7671108,-1.5680058,-0.374
1771501131.771818,54.7671108,-1.5680058,-0.374
1771501131.8719885,54.7671108,-1.5680058,-0.374
1771501131.9721835,54.7671108,-1.5680058,-0.374
1771501132.0723696,54.7671108,-1.5680058,-0.374
1771501132.1725328,54.7671108,-1.5680058,-0.374
1771501132.2726955,54.7671108,-1.5680058,-0.374
1771501132.3728771,54.7671108,-1.5680058,-0.374
1771501132.4730303,54.7671108,-1.5680058,-0.374
1771501132.5731692,54.7671108,-1.5680058,-0.374
1771501132.6734383,54.7671108,-1.5680058,-0.374
1771501132.7735949,54.7671108,-1.5680058,-0.374
1771501132.8737597,54.7671108,-1.5680058,-0.374
1771501132.9739444,54.7671108,-1.5680058,-0.374
1771501133.07423,54.7671108,-1.5680058,-0.374
1771501133.1744146,54.7671108,-1.5680058,-0.374
1771501133.2745657,54.7671108,-1.5680058,-0.374
1771501133.374762,54.7671108,-1.5680058,-0.374
1771501133.4749746,54.7671108,-1.5680058,-0.374
1771501133.5751467,54.7671108,-1.5680058,-0.374
1771501133.675304,54.7671108,-1.5680058,-0.374
1771501133.7754488,54.7671108,-1.5680058,-0.374
1771501133.8756075,54.7671108,-1.5680058,-0.374
1771501133.975782,54.7671108,-1.5680058,-0.374
1771501134.075944,54.7671108,-1.5680058,-0.374
1771501134.1761205,54.7671108,-1.5680058,-0.374
1771501134.2763455,54.7671108,-1.5680058,-0.374
1771501134.3764908,54.7671108,-1.5680058,-0.374
1771501134.4766603,54.7671108,-1.5680058,-0.374
1771501134.5768313,54.7671108,-1.5680058,-0.374
1771501134.6769853,54.7671108,-1.5680058,-0.374
1771501134.7771568,54.7671108,-1.5680058,-0.374
1771501134.877368,54.7671108,-1.5680058,-0.374
1771501134.9775126,54.7671108,-1.5680058,-0.374
1771501135.0776575,54.7671108,-1.5680058,-0.374
1771501135.1778603,54.7671108,-1.5680058,-0.374
1771501135.2781017,54.7671108,-1.5680058,-0.374
1771501135.37824,54.7671108,-1.5680058,-0.374
1771501135.478438,54.7671108,-1.5680058,-0.374
1771501135.5786712,54.7671108,-1.5680058,-0.374
1771501135.6789012,54.7671108,-1.5680058,-0.374
1771501135.7791448,54.7671108,-1.5680058,-0.374
1771501135.8794484,54.7671108,-1.5680058,-0.374
1771501135.9797075,54.7671108,-1.5680058,-0.374
1771501136.0800316,54.7671108,-1.5680058,-0.374
1771501136.180283,54.7671108,-1.5680058,-0.374
1771501136.2805347,54.7671108,-1.5680058,-0.374
1771501136.380785,54.7671108,-1.5680058,-0.374
1771501136.4810343,54.7671108,-1.5680058,-0.374
1771501136.5812662,54.7671108,-1.5680058,-0.374
1771501136.68159,54.7671108,-1.5680058,-0.374
1771501136.7818913,54.7671108,-1.5680058,-0.374
1771501136.8821402,54.7671108,-1.5680058,-0.374
1771501136.9823735,54.7671108,-1.5680058,-0.374
1771501137.0826511,54.7671108,-1.5680058,-0.374
1771501137.182923,54.7671108,-1.5680058,-0.374
1771501137.2832305,54.7671108,-1.5680058,-0.374
1771501137.383484,54.7671108,-1.5680058,-0.374
1771501137.4838014,54.7671108,-1.5680058,-0.374
1771501137.5840793,54.7671108,-1.5680058,-0.374
1771501137.6843266,54.7671108,-1.5680058,-0.374
1771501137.7845402,54.7671108,-1.5680058,-0.374
1771501137.8847947,54.7671108,-1.5680058,-0.374
1771501137.9851477,54.7671108,-1.5680058,-0.374
1771501138.0854175,54.7671108,-1.5680058,-0.374
1771501138.1856565,54.7671108,-1.5680058,-0.374
1771501138.2859173,54.7671108,-1.5680058,-0.374
1771501138.3861468,54.7671108,-1.5680058,-0.374
1771501138.486373,54.7671108,-1.5680058,-0.374
1771501138.5865877,54.7671108,-1.5680058,-0.374
1771501138.6868076,54.7671108,-1.5680058,-0.374
1771501138.7870426,54.7671108,-1.5680058,-0.374
1771501138.887289,54.7671108,-1.5680058,-0.374
1771501138.9875178,54.7671108,-1.5680058,-0.374
1771501139.0877602,54.7671108,-1.5680058,-0.374
1771501139.1879776,54.7671108,-1.5680058,-0.374
1771501139.2882745,54.7671108,-1.5680058,-0.374
1771501139.3885138,54.7671108,-1.5680058,-0.374
1771501139.4888566,54.7671108,-1.5680058,-0.374
1771501139.5890946,54.7671108,-1.5680058,-0.374
1771501139.6892989,54.7671108,-1.5680058,-0.374
1771501139.7894561,54.7671108,-1.5680058,-0.374
1771501139.8896081,54.7671108,-1.5680058,-0.374
1771501139.9897704,54.7671108,-1.5680058,-0.373
1771501140.089977,54.7671108,-1.5680058,-0.373
1771501140.1901526,54.7671108,-1.5680058,-0.373
1771501140.2903464,54.7671108,-1.5680058,-0.373
1771501140.3905413,54.7671108,-1.5680058,-0.373
1771501140.4906816,54.7671108,-1.5680058,-0.373
1771501140.5908287,54.7671108,-1.5680058,-0.373
1771501140.6909602,54.7671108,-1.5680058,-0.373
1771501140.7911677,54.7671108,-1.5680058,-0.373
1771501140.8914409,54.7671108,-1.5680058,-0.373
1771501140.9916346,54.7671108,-1.5680058,-0.373
1771501141.0917706,54.7671108,-1.5680058,-0.373
1771501141.191937,54.7671108,-1.5680058,-0.373
1771501141.2920709,54.7671108,-1.5680058,-0.373
1771501141.3922102,54.7671108,-1.5680058,-0.373
1771501141.4923797,54.7671108,-1.5680058,-0.373
1771501141.5925145,54.7671108,-1.5680058,-0.373
1771501141.6926684,54.7671108,-1.5680058,-0.373
1771501141.7929506,54.7671108,-1.5680058,-0.373
1771501141.8932233,54.7671108,-1.5680058,-0.373
1771501141.9933753,54.7671108,-1.5680058,-0.373
1771501142.09352,54.7671108,-1.5680058,-0.373
1771501142.1936748,54.7671108,-1.5680058,-0.373
1771501142.2938488,54.7671108,-1.5680058,-0.373
1771501142.3940203,54.7671108,-1.5680058,-0.373
1771501142.4941845,54.7671108,-1.5680058,-0.373
1771501142.5943987,54.7671108,-1.5680058,-0.373
1771501142.694575,54.7671108,-1.5680058,-0.373
1771501142.7947814,54.7671108,-1.5680058,-0.373
1771501142.8949418,54.7671108,-1.5680058,-0.373
1771501142.995097,54.7671108,-1.5680058,-0.373
1771501143.0953267,54.7671108,-1.5680058,-0.373
1771501143.195498,54.7671108,-1.5680058,-0.373
1771501143.29572,54.7671108,-1.5680058,-0.373
1771501143.3959024,54.7671108,-1.5680058,-0.373
1771501143.496064,54.7671108,-1.5680058,-0.373
1771501143.5962322,54.7671108,-1.5680058,-0.373
1771501143.6965082,54.7671108,-1.5680058,-0.373
1771501143.796683,54.7671108,-1.5680058,-0.373
1771501143.8969214,54.7671108,-1.5680058,-0.373
1771501143.9972239,54.7671108,-1.5680058,-0.373
1771501144.0975595,54.7671108,-1.5680058,-0.373
1771501144.1977994,54.7671108,-1.5680058,-0.373
1771501144.2981582,54.7671108,-1.5680058,-0.373
1771501144.3984432,54.7671108,-1.5680058,-0.373
1771501144.4986622,54.7671108,-1.5680058,-0.373
1771501144.5989132,54.7671108,-1.5680058,-0.373
1771501144.6991324,54.7671108,-1.5680058,-0.373
1771501144.7993715,54.7671108,-1.5680058,-0.373
1771501144.899714,54.7671108,-1.5680058,-0.373
1771501144.9999375,54.7671108,-1.5680058,-0.373
1771501145.1002004,54.7671108,-1.5680058,-0.373
1771501145.2005315,54.7671108,-1.5680058,-0.373
1771501145.3007689,54.7671108,-1.5680058,-0.373
1771501145.4010613,54.7671108,-1.5680058,-0.373
1771501145.50132,54.7671108,-1.5680058,-0.373
1771501145.601543,54.7671108,-1.5680058,-0.373
1771501145.701783,54.7671108,-1.5680058,-0.373
1771501145.8020377,54.7671108,-1.5680058,-0.373
1771501145.9022648,54.7671108,-1.5680058,-0.373
1771501146.0024793,54.7671108,-1.5680058,-0.373
1771501146.1026924,54.7671108,-1.5680058,-0.373
1771501146.203072,54.7671108,-1.5680058,-0.373
1771501146.303381,54.7671108,-1.5680058,-0.373
1771501146.403712,54.7671108,-1.5680058,-0.373
1771501146.5040293,54.7671108,-1.5680058,-0.373
1771501146.6044178,54.7671108,-1.5680058,-0.373
1771501146.7046592,54.7671108,-1.5680058,-0.373
1771501146.8048918,54.7671108,-1.5680058,-0.373
1771501146.9052808,54.7671108,-1.5680058,-0.373
1771501147.0064647,54.7671108,-1.5680058,-0.373
1771501147.1066854,54.7671108,-1.5680058,-0.373
1771501147.2069383,54.7671108,-1.5680058,-0.373
1771501147.3071826,54.7671108,-1.5680058,-0.373
1771501147.4073954,54.7671108,-1.5680058,-0.373
1771501147.5076077,54.7671108,-1.5680058,-0.373
1771501147.6078336,54.7671108,-1.5680058,-0.373
1771501147.708074,54.7671108,-1.5680058,-0.373
1771501147.808391,54.7671108,-1.5680058,-0.373
1771501147.9086478,54.7671108,-1.5680058,-0.373
1771501148.0089128,54.7671108,-1.5680058,-0.373
1771501148.109231,54.7671108,-1.5680058,-0.373
1771501148.2095065,54.7671108,-1.5680058,-0.373
1771501148.3097517,54.7671108,-1.5680058,-0.373
1771501148.4099858,54.7671108,-1.5680058,-0.373
1771501148.5102193,54.7671108,-1.5680058,-0.373
1771501148.6104717,54.7671108,-1.5680058,-0.373
1771501148.7107198,54.7671108,-1.5680058,-0.373
1771501148.810953,54.7671108,-1.5680058,-0.373
1771501148.9111772,54.7671108,-1.5680058,-0.373
1771501149.0114188,54.7671108,-1.5680058,-0.373
1771501149.1116295,54.7671108,-1.5680058,-0.373
1771501149.2118702,54.7671108,-1.5680058,-0.373
1771501149.3121006,54.7671108,-1.5680058,-0.373
1771501149.4123456,54.7671108,-1.5680058,-0.373
1771501149.5125563,54.7671108,-1.5680058,-0.373
1771501149.6127748,54.7671108,-1.5680058,-0.373
1771501149.7130294,54.7671108,-1.5680058,-0.373
1771501149.813474,54.7671108,-1.5680058,-0.373
1771501149.9137251,54.7671108,-1.5680058,-0.373
1771501150.0139642,54.7671108,-1.5680058,-0.373
1771501150.1141994,54.7671108,-1.5680058,-0.373
1771501150.2145166,54.7671108,-1.5680058,-0.373
1771501150.3147771,54.7671108,-1.5680058,-0.373
1771501150.4150207,54.7671108,-1.5680058,-0.373
1771501150.5152705,54.7671108,-1.5680058,-0.373
1771501150.615511,54.7671108,-1.5680058,-0.373
1771501150.715776,54.7671108,-1.5680058,-0.373
1771501150.8160286,54.7671108,-1.5680058,-0.373
1771501150.9162705,54.7671108,-1.5680058,-0.373
1771501151.016499,54.7671108,-1.5680058,-0.373
1771501151.1167312,54.7671108,-1.5680058,-0.373
1771501151.2169774,54.7671108,-1.5680058,-0.373
1771501151.317221,54.7671108,-1.5680058,-0.373
1771501151.4174259,54.7671108,-1.5680058,-0.373
1771501151.5176497,54.7671108,-1.5680058,-0.373
1771501151.617864,54.7671108,-1.5680058,-0.373
1771501151.7180846,54.7671108,-1.5680058,-0.373
1771501151.8183188,54.7671108,-1.5680058,-0.373
1771501151.918537,54.7671108,-1.5680058,-0.373
1771501152.01875,54.7671108,-1.5680058,-0.373
1771501152.118976,54.7671108,-1.5680058,-0.373
1771501152.2192285,54.7671108,-1.5680058,-0.373
1771501152.319451,54.7671108,-1.5680058,-0.373
1771501152.4196742,54.7671108,-1.5680058,-0.373
1771501152.519915,54.7671108,-1.5680058,-0.373
1771501152.6202202,54.7671108,-1.5680058,-0.373
1771501152.720468,54.7671108,-1.5680058,-0.373
1771501152.8207676,54.7671108,-1.5680058,-0.373
1771501152.921021,54.7671108,-1.5680058,-0.373
1771501153.0212364,54.7671108,-1.5680058,-0.373
1771501153.1214535,54.7671108,-1.5680058,-0.373
1771501153.2216852,54.7671108,-1.5680058,-0.373
1771501153.321925,54.7671108,-1.5680058,-0.373
1771501153.4221473,54.7671108,-1.5680058,-0.373
1771501153.5224743,54.7671108,-1.5680058,-0.373
1771501153.6227098,54.7671108,-1.5680058,-0.373
1771501153.7230341,54.7671108,-1.5680058,-0.373
1771501153.8232846,54.7671108,-1.5680058,-0.373
1771501153.9235315,54.7671108,-1.5680058,-0.373
1771501154.0237572,54.7671108,-1.5680058,-0.373
1771501154.1239953,54.7671108,-1.5680058,-0.373
1771501154.224258,54.7671108,-1.5680058,-0.373
1771501154.3244905,54.7671108,-1.5680058,-0.373
1771501154.4247234,54.7671108,-1.5680058,-0.373
1771501154.5249884,54.7671108,-1.5680058,-0.373
1771501154.6252291,54.7671108,-1.5680058,-0.373
1771501154.7254963,54.7671108,-1.5680058,-0.373
1771501154.8257267,54.7671108,-1.5680058,-0.373
1771501154.9259655,54.7671108,-1.5680058,-0.373
1771501155.0261903,54.7671108,-1.5680058,-0.373
1771501155.1264634,54.7671108,-1.5680058,-0.373
1771501155.2267466,54.7671108,-1.5680058,-0.373
1771501155.3269808,54.7671108,-1.5680058,-0.373
1771501155.427208,54.7671108,-1.5680058,-0.373
1771501155.5274727,54.7671108,-1.5680058,-0.373
1771501155.627698,54.7671108,-1.5680058,-0.373
1771501155.7279518,54.7671108,-1.5680058,-0.373
1771501155.8282838,54.7671108,-1.5680058,-0.373
1771501155.9285321,54.7671108,-1.5680058,-0.373
1771501156.028753,54.7671108,-1.5680058,-0.373
1771501156.12899,54.7671108,-1.5680058,-0.373
1771501156.2292807,54.7671108,-1.5680058,-0.373
1771501156.329528,54.7671108,-1.5680058,-0.373
1771501156.4297276,54.7671108,-1.5680058,-0.373
1771501156.5300357,54.7671108,-1.5680058,-0.373
1771501156.6302872,54.7671108,-1.5680058,-0.373
1771501156.7305167,54.7671108,-1.5680058,-0.373
1771501156.83074,54.7671108,-1.5680058,-0.373
1771501156.931013,54.7671108,-1.5680058,-0.373
1771501157.0312665,54.7671108,-1.5680058,-0.373
1771501157.131543,54.7671108,-1.5680058,-0.373
1771501157.2317991,54.7671108,-1.5680058,-0.373
1771501157.3321366,54.7671108,-1.5680058,-0.373
1771501157.4325469,54.7671108,-1.5680058,-0.373
1771501157.532905,54.7671108,-1.5680058,-0.373
1771501157.6331654,54.7671108,-1.5680058,-0.373
1771501157.7333992,54.7671108,-1.5680058,-0.373
1771501157.8336577,54.7671108,-1.5680058,-0.373
1771501157.934036,54.7671108,-1.5680058,-0.373
1771501158.0342581,54.7671108,-1.5680058,-0.373
1771501158.1346035,54.7671108,-1.5680058,-0.373
1771501158.2349532,54.7671108,-1.5680058,-0.373
1771501158.3352227,54.7671108,-1.5680058,-0.373
1771501158.4354348,54.7671108,-1.5680058,-0.373
1771501158.5356622,54.7671108,-1.5680058,-0.373
1771501158.6358821,54.7671108,-1.5680058,-0.373
1771501158.7361279,54.7671108,-1.5680058,-0.373
1771501158.8364544,54.7671108,-1.5680058,-0.373
1771501158.936785,54.7671108,-1.5680058,-0.373
1771501159.0369937,54.7671108,-1.5680058,-0.373
1771501159.1372495,54.7671108,-1.5680058,-0.373
1771501159.237567,54.7671108,-1.5680058,-0.373
1771501159.3379052,54.7671108,-1.5680058,-0.373
1771501159.4382083,54.7671108,-1.5680058,-0.373
1771501159.5384774,54.7671108,-1.5680058,-0.373
1771501159.638694,54.7671108,-1.5680058,-0.373
1771501159.7390134,54.7671108,-1.5680058,-0.373
1771501159.8392682,54.7671108,-1.5680058,-0.373
1771501159.939538,54.7671108,-1.5680058,-0.373
1771501160.0397878,54.7671108,-1.5680058,-0.373
1771501160.1400402,54.7671108,-1.5680058,-0.373
1771501160.2402802,54.7671108,-1.5680058,-0.373
1771501160.3406188,54.7671108,-1.5680058,-0.373
1771501160.4408689,54.7671108,-1.5680058,-0.373
1771501160.541135,54.7671108,-1.5680058,-0.373
1771501160.6414888,54.7671108,-1.5680058,-0.373
1771501160.7417264,54.7671108,-1.5680058,-0.373
1771501160.8420103,54.7671108,-1.5680058,-0.373
1771501160.9423413,54.7671108,-1.5680058,-0.373
1771501161.0425823,54.7671108,-1.5680058,-0.373
1771501161.1429005,54.7671108,-1.5680058,-0.373
1771501161.2433603,54.7671108,-1.5680058,-0.373
1771501161.3436165,54.7671108,-1.5680058,-0.373
1771501161.4438686,54.7671108,-1.5680058,-0.373
1771501161.5441635,54.7671108,-1.5680058,-0.373
1771501161.6444454,54.7671108,-1.5680058,-0.373
1771501161.7446778,54.7671108,-1.5680058,-0.373
1771501161.8450322,54.7671108,-1.5680058,-0.373
1771501161.9453726,54.7671108,-1.5680058,-0.373
1771501162.0455773,54.7671108,-1.5680058,-0.373
1771501162.1458116,54.7671108,-1.5680058,-0.373
1771501162.246124,54.7671108,-1.5680058,-0.373
1771501162.3464663,54.7671108,-1.5680058,-0.373
1771501162.4466975,54.7671108,-1.5680058,-0.373
1771501162.5470426,54.7671108,-1.5680058,-0.373
1771501162.647335,54.7671108,-1.5680058,-0.373
1771501162.7476163,54.7671108,-1.5680058,-0.373
1771501162.8478906,54.7671108,-1.5680058,-0.373
1771501162.94813,54.7671108,-1.5680058,-0.373
1771501163.0483806,54.7671108,-1.5680058,-0.373
1771501163.1486135,54.7671108,-1.5680058,-0.373
1771501163.2488651,54.7671108,-1.5680058,-0.373
1771501163.349145,54.7671108,-1.5680058,-0.373
1771501163.4493935,54.7671108,-1.5680058,-0.373
1771501163.54962,54.7671108,-1.5680058,-0.373
1771501163.6499197,54.7671108,-1.5680058,-0.373
1771501163.750278,54.7671108,-1.5680058,-0.374
1771501163.8506348,54.7671108,-1.5680058,-0.374
1771501163.95088,54.7671108,-1.5680058,-0.374
1771501164.0511005,54.7671108,-1.5680058,-0.374
1771501164.1513486,54.7671108,-1.5680058,-0.374
1771501164.251588,54.7671108,-1.5680058,-0.374
1771501164.3520308,54.7671108,-1.5680058,-0.374
1771501164.4522839,54.7671108,-1.5680058,-0.374
1771501164.552549,54.7671108,-1.5680058,-0.374
1771501164.6528049,54.7671108,-1.5680058,-0.374
1771501164.7530396,54.7671108,-1.5680058,-0.374
1771501164.8532643,54.7671108,-1.5680058,-0.374
1771501164.9535265,54.7671108,-1.5680058,-0.374
1771501165.053792,54.7671108,-1.5680058,-0.374
1771501165.1540565,54.7671108,-1.5680058,-0.374
1771501165.2543297,54.7671108,-1.5680058,-0.374
1771501165.3545191,54.7671108,-1.5680058,-0.374
1771501165.454694,54.7671108,-1.5680058,-0.374
1771501165.555007,54.7671108,-1.5680058,-0.374
1771501165.6552844,54.7671108,-1.5680058,-0.374
1771501165.7555666,54.7671108,-1.5680058,-0.374
1771501165.8557127,54.7671108,-1.5680058,-0.374
1771501165.9558802,54.7671108,-1.5680058,-0.374
1771501166.0560899,54.7671108,-1.5680058,-0.374
1771501166.1562872,54.7671108,-1.5680058,-0.374
1771501166.256535,54.7671108,-1.5680058,-0.374
1771501166.3567097,54.7671108,-1.5680058,-0.374
1771501166.4569628,54.7671108,-1.5680058,-0.374
1771501166.5572398,54.7671108,-1.5680058,-0.374
1771501166.657406,54.7671108,-1.5680058,-0.374
1771501166.7576175,54.7671108,-1.5680058,-0.374
1771501166.8577843,54.7671108,-1.5680058,-0.374
1771501166.9580488,54.7671108,-1.5680058,-0.374
1771501167.0582209,54.7671108,-1.5680058,-0.374
1771501167.1583793,54.7671108,-1.5680058,-0.374
1771501167.2585187,54.7671108,-1.5680058,-0.374
1771501167.3586974,54.7671108,-1.5680058,-0.374
1771501167.4588785,54.7671108,-1.5680058,-0.374
1771501167.5591185,54.7671108,-1.5680058,-0.374
1771501167.6593614,54.7671108,-1.5680058,-0.374
1771501167.759502,54.7671108,-1.5680058,-0.374
1771501167.8596435,54.7671108,-1.5680058,-0.374
1771501167.959789,54.7671108,-1.5680058,-0.374
1771501168.0599203,54.7671108,-1.5680058,-0.374
1771501168.1600494,54.7671108,-1.5680058,-0.374
1771501168.260206,54.7671108,-1.5680058,-0.374
1771501168.360365,54.7671108,-1.5680058,-0.374
1771501168.4605,54.7671108,-1.5680058,-0.374
1771501168.5607595,54.7671108,-1.5680058,-0.374
1771501168.6609118,54.7671108,-1.5680058,-0.374
1771501168.7610462,54.7671108,-1.5680058,-0.374
1771501168.8611724,54.7671108,-1.5680058,-0.374
1771501168.9613922,54.7671108,-1.5680058,-0.374
1771501169.0615366,54.7671108,-1.5680058,-0.374
1771501169.1616974,54.7671108,-1.5680058,-0.374
1771501169.261997,54.7671108,-1.5680058,-0.374
1771501169.3621385,54.7671108,-1.5680058,-0.374
1771501169.4623148,54.7671108,-1.5680058,-0.374
1771501169.5625412,54.7671108,-1.5680058,-0.374
1771501169.6627378,54.7671108,-1.5680058,-0.374
1771501169.7629156,54.7671108,-1.5680058,-0.373
1771501169.8630805,54.7671108,-1.5680058,-0.373
1771501169.9632435,54.7671108,-1.5680058,-0.373
1771501170.0633852,54.7671108,-1.5680058,-0.373
1771501170.1635466,54.7671108,-1.5680058,-0.373
1771501170.2637975,54.7671108,-1.5680058,-0.373
1771501170.364007,54.7671108,-1.5680058,-0.373
1771501170.4641898,54.7671108,-1.5680058,-0.373
1771501170.5643601,54.7671108,-1.5680058,-0.373
1771501170.664535,54.7671108,-1.5680058,-0.373
1771501170.7646713,54.7671108,-1.5680058,-0.373
1771501170.864811,54.7671108,-1.5680058,-0.373
1771501170.9649827,54.7671108,-1.5680058,-0.373
1771501171.0651371,54.7671108,-1.5680058,-0.373
1771501171.165314,54.7671108,-1.5680058,-0.373
1771501171.2654705,54.7671108,-1.5680058,-0.373
1771501171.3656118,54.7671108,-1.5680058,-0.373
1771501171.4658678,54.7671108,-1.5680058,-0.373
1771501171.566049,54.7671108,-1.5680058,-0.373
1771501171.6661973,54.7671108,-1.5680058,-0.373
1771501171.7663717,54.7671108,-1.5680058,-0.373
1771501171.866523,54.7671108,-1.5680058,-0.373
1771501171.9666834,54.7671108,-1.5680058,-0.373
1771501172.066934,54.7671108,-1.5680058,-0.373
1771501172.1671107,54.7671108,-1.5680058,-0.373
1771501172.2672548,54.7671108,-1.5680058,-0.373
1771501172.3674393,54.7671108,-1.5680058,-0.373
1771501172.4675968,54.7671108,-1.5680058,-0.373
1771501172.5677433,54.7671108,-1.5680058,-0.373
1771501172.6679397,54.7671108,-1.5680058,-0.373
1771501172.7681603,54.7671108,-1.5680058,-0.373
1771501172.8683498,54.7671108,-1.5680058,-0.373
1771501172.9685133,54.7671108,-1.5680058,-0.373
1771501173.0686882,54.7671108,-1.5680058,-0.373
1771501173.1689403,54.7671108,-1.5680058,-0.373
1771501173.2691264,54.7671108,-1.5680058,-0.373
1771501173.369418,54.7671108,-1.5680058,-0.373
1771501173.4695885,54.7671108,-1.5680058,-0.373
1771501173.5698512,54.7671108,-1.5680058,-0.373
1771501173.6700423,54.7671108,-1.5680058,-0.373
1771501173.7702901,54.7671108,-1.5680058,-0.373
1771501173.8705437,54.7671108,-1.5680058,-0.373
1771501173.9707916,54.7671108,-1.5680058,-0.373
1771501174.0710418,54.7671108,-1.5680058,-0.373
1771501174.1713023,54.7671108,-1.5680058,-0.373
1771501174.2715745,54.7671108,-1.5680058,-0.373
1771501174.3718374,54.7671108,-1.5680058,-0.373
1771501174.4721003,54.7671108,-1.5680058,-0.373
1771501174.572402,54.7671108,-1.5680058,-0.373
1771501174.672661,54.7671108,-1.5680058,-0.373
1771501174.7729015,54.7671108,-1.5680058,-0.373
1771501174.87315,54.7671108,-1.5680058,-0.373
1771501174.9734087,54.7671108,-1.5680058,-0.373
1771501175.0736322,54.7671108,-1.5680058,-0.373
1771501175.1738515,54.7671108,-1.5680058,-0.373
1771501175.274104,54.7671108,-1.5680058,-0.373
1771501175.3743384,54.7671108,-1.5680058,-0.373
1771501175.4745667,54.7671108,-1.5680058,-0.373
1771501175.5748382,54.7671108,-1.5680058,-0.373
1771501175.6751175,54.7671108,-1.5680058,-0.373
1771501175.7754261,54.7671108,-1.5680058,-0.373
1771501175.8756661,54.7671108,-1.5680058,-0.373
1771501175.9759352,54.7671108,-1.5680058,-0.373
1771501176.0761843,54.7671108,-1.5680058,-0.373
1771501176.1764274,54.7671108,-1.5680058,-0.373
1771501176.2766562,54.7671108,-1.5680058,-0.373
1771501176.3768954,54.7671108,-1.5680058,-0.373
1771501176.4771438,54.7671108,-1.5680058,-0.373
1771501176.5773835,54.7671108,-1.5680058,-0.373
1771501176.677651,54.7671108,-1.5680058,-0.373
1771501176.777977,54.7671108,-1.5680058,-0.373
1771501176.8782613,54.7671108,-1.5680058,-0.373
1771501176.9786692,54.7671108,-1.5680058,-0.373
1771501177.0789475,54.7671108,-1.5680058,-0.373
1771501177.1792455,54.7671108,-1.5680058,-0.373
1771501177.2795146,54.7671108,-1.5680058,-0.373
1771501177.3798807,54.7671108,-1.5680058,-0.373
1771501177.4801257,54.7671108,-1.5680058,-0.373
1771501177.5804434,54.7671108,-1.5680058,-0.373
1771501177.6806731,54.7671108,-1.5680058,-0.373
1771501177.7809165,54.7671108,-1.5680058,-0.373
1771501177.8811502,54.7671108,-1.5680058,-0.373
1771501177.9814804,54.7671108,-1.5680058,-0.373
1771501178.0817235,54.7671108,-1.5680058,-0.373
1771501178.1819627,54.7671108,-1.5680058,-0.373
1771501178.2822144,54.7671108,-1.5680058,-0.373
1771501178.3824522,54.7671108,-1.5680058,-0.373
1771501178.4826658,54.7671108,-1.5680058,-0.373
1771501178.5828922,54.7671108,-1.5680058,-0.373
1771501178.6831496,54.7671108,-1.5680058,-0.373
1771501178.7833705,54.7671108,-1.5680058,-0.373
1771501178.883596,54.7671108,-1.5680058,-0.373
1771501178.9838579,54.7671108,-1.5680058,-0.373
1771501179.0840924,54.7671108,-1.5680058,-0.373
1771501179.1843536,54.7671108,-1.5680058,-0.373
1771501179.284584,54.7671108,-1.5680058,-0.373
1771501179.3848171,54.7671108,-1.5680058,-0.373
1771501179.485058,54.7671108,-1.5680058,-0.373
1771501179.5854037,54.7671108,-1.5680058,-0.373
1771501179.6856325,54.7671108,-1.5680058,-0.373
1771501179.7858658,54.7671108,-1.5680058,-0.373
1771501179.8862467,54.7671108,-1.5680058,-0.373
1771501179.9866555,54.7671108,-1.5680058,-0.373
1771501180.0869918,54.7671108,-1.5680058,-0.373
1771501180.1873643,54.7671108,-1.5680058,-0.373
1771501180.28763,54.7671108,-1.5680058,-0.373
1771501180.3880277,54.7671108,-1.5680058,-0.373
1771501180.4882822,54.7671108,-1.5680058,-0.373
1771501180.5886223,54.7671108,-1.5680058,-0.373
1771501180.688886,54.7671108,-1.5680058,-0.373
1771501180.7891726,54.7671108,-1.5680058,-0.373
1771501180.8894613,54.7671108,-1.5680058,-0.373
1771501180.9896994,54.7671108,-1.5680058,-0.373
1771501181.0899549,54.7671108,-1.5680058,-0.373
1771501181.1902692,54.7671108,-1.5680058,-0.373
1771501181.2905588,54.7671108,-1.5680058,-0.373
1771501181.3908052,54.7671108,-1.5680058,-0.373
1771501181.491055,54.7671108,-1.5680058,-0.373
1771501181.5912998,54.7671108,-1.5680058,-0.373
1771501181.6915743,54.7671108,-1.5680058,-0.373
1771501181.7918112,54.7671108,-1.5680058,-0.373
1771501181.8920782,54.7671108,-1.5680058,-0.373
1771501181.9923418,54.7671108,-1.5680058,-0.373
1771501182.092601,54.7671108,-1.5680058,-0.373
1771501182.192839,54.7671108,-1.5680058,-0.373
1771501182.2930086,54.7671108,-1.5680058,-0.373
1771501182.3932931,54.7671108,-1.5680058,-0.373
1771501182.4934466,54.7671108,-1.5680058,-0.373
1771501182.5935957,54.7671108,-1.5680058,-0.373
1771501182.6937542,54.7671108,-1.5680058,-0.373
1771501182.7940176,54.7671108,-1.5680058,-0.373
1771501182.8942187,54.7671108,-1.5680058,-0.373
1771501182.994414,54.7671108,-1.5680058,-0.373
1771501183.0946379,54.7671108,-1.5680058,-0.373
1771501183.1948142,54.7671108,-1.5680058,-0.373
1771501183.2949622,54.7671108,-1.5680058,-0.373
1771501183.395159,54.7671108,-1.5680058,-0.373
1771501183.4953454,54.7671108,-1.5680058,-0.373
1771501183.5954895,54.7671108,-1.5680058,-0.373
1771501183.6956427,54.7671108,-1.5680058,-0.373
1771501183.7958062,54.7671108,-1.5680058,-0.373
1771501183.895973,54.7671108,-1.5680058,-0.373
1771501183.9961698,54.7671108,-1.5680058,-0.373
1771501184.096366,54.7671108,-1.5680058,-0.373
1771501184.1965132,54.7671108,-1.5680058,-0.373
1771501184.296686,54.7671108,-1.5680058,-0.373
1771501184.396839,54.7671108,-1.5680058,-0.373
1771501184.4969993,54.7671108,-1.5680058,-0.373
1771501184.597179,54.7671108,-1.5680058,-0.373
1771501184.697386,54.7671108,-1.5680058,-0.373
1771501184.7975307,54.7671108,-1.5680058,-0.373
1771501184.897763,54.7671108,-1.5680058,-0.373
1771501184.9979339,54.7671108,-1.5680058,-0.373
1771501185.098078,54.7671108,-1.5680058,-0.373
1771501185.1982398,54.7671108,-1.5680058,-0.373
1771501185.2984958,54.7671108,-1.5680058,-0.373
1771501185.3986475,54.7671108,-1.5680058,-0.373
1771501185.4988089,54.7671108,-1.5680058,-0.373
1771501185.5989647,54.7671108,-1.5680058,-0.373
1771501185.6992483,54.7671108,-1.5680058,-0.373
1771501185.7994103,54.7671108,-1.5680058,-0.373
1771501185.899578,54.7671108,-1.5680058,-0.373
1771501185.999723,54.7671108,-1.5680058,-0.373
1771501186.0999172,54.7671108,-1.5680058,-0.373
1771501186.200171,54.7671108,-1.5680058,-0.373
1771501186.3003528,54.7671108,-1.5680058,-0.373
1771501186.4005346,54.7671108,-1.5680058,-0.373
1771501186.5007424,54.7671108,-1.5680058,-0.373
1771501186.6011584,54.7671108,-1.5680058,-0.373
1771501186.7014334,54.7671108,-1.5680058,-0.373
1771501186.8016756,54.7671108,-1.5680058,-0.373
1771501186.9019003,54.7671108,-1.5680058,-0.373
1771501187.0021322,54.7671108,-1.5680058,-0.373
1771501187.1024265,54.7671108,-1.5680058,-0.373
1771501187.2026734,54.7671108,-1.5680058,-0.373
1771501187.3029335,54.7671108,-1.5680058,-0.373
1771501187.40321,54.7671108,-1.5680058,-0.373
1771501187.503438,54.7671108,-1.5680058,-0.373
1771501187.6037438,54.7671108,-1.5680058,-0.373
1771501187.704018,54.7671108,-1.5680058,-0.373
1771501187.8042843,54.7671108,-1.5680058,-0.373
1771501187.9045656,54.7671108,-1.5680058,-0.373
1771501188.004937,54.7671108,-1.5680058,-0.373
1771501188.1051636,54.7671108,-1.5680058,-0.373
1771501188.2054877,54.7671108,-1.5680058,-0.373
1771501188.3057756,54.7671108,-1.5680058,-0.373
1771501188.4061253,54.7671108,-1.5680058,-0.373
1771501188.506422,54.7671108,-1.5680058,-0.373
1771501188.6068258,54.7671108,-1.5680058,-0.373
1771501188.707169,54.7671108,-1.5680058,-0.373
1771501188.807429,54.7671108,-1.5680058,-0.373
1771501188.9076576,54.7671108,-1.5680058,-0.373
1771501189.007997,54.7671108,-1.5680058,-0.374
1771501189.1082582,54.7671108,-1.5680058,-0.374
1771501189.2085054,54.7671108,-1.5680058,-0.374
1771501189.308741,54.7671108,-1.5680058,-0.374
1771501189.4089942,54.7671108,-1.5680058,-0.374
1771501189.509234,54.7671108,-1.5680058,-0.374
1771501189.6096087,54.7671108,-1.5680058,-0.374
1771501189.7098596,54.7671108,-1.5680058,-0.374
1771501189.8101974,54.7671108,-1.5680058,-0.373
1771501189.9104161,54.7671108,-1.5680058,-0.373
1771501190.0106199,54.7671108,-1.5680058,-0.373
1771501190.1108863,54.7671108,-1.5680058,-0.373
1771501190.2111306,54.7671108,-1.5680058,-0.373
1771501190.311404,54.7671108,-1.5680058,-0.373
1771501190.4116185,54.7671108,-1.5680058,-0.373
1771501190.511858,54.7671108,-1.5680058,-0.373
1771501190.6120994,54.7671108,-1.5680058,-0.373
1771501190.7123537,54.7671108,-1.5680058,-0.373
